<?xml version="1.0" encoding="UTF-8"?>
<configuration>

  <appender name="STDOUT" class="ch.qos.logback.core.ConsoleAppender">
    <encoder>
      <pattern>%d{HH:mm:ss.SSS} [%thread] %-5level %logger{36} - %msg%n</pattern>
    </encoder>
  </appender>

<!--
  <appender name="FILE" class="ch.qos.logback.core.FileAppender">
    <file>openmuc.log</file>
    <append>true</append>
    <encoder>
      <pattern>%d{HH:mm:ss.SSS} [%thread] %-5level %logger{36} - %msg%n</pattern>
    </encoder>
  </appender>
-->

 <appender name="FILE" class="ch.qos.logback.core.rolling.RollingFileAppender">
        <file>logs/openmuc.log</file>
        <rollingPolicy class="ch.qos.logback.core.rolling.TimeBasedRollingPolicy">
            <!-- daily rollover. Make sure the path matches the one in the file element or else
             the rollover logs are placed in the working directory. -->
            <fileNamePattern>logs/openmuc_%d{yyyy-MM-dd}.%i.log</fileNamePattern>

            <timeBasedFileNamingAndTriggeringPolicy class="ch.qos.logback.core.rolling.SizeAndTimeBasedFNATP">
                <maxFileSize>100MB</maxFileSize>
            </timeBasedFileNamingAndTriggeringPolicy>
            <!-- keep 30 days' worth of history -->
            <maxHistory>1</maxHistory>
        </rollingPolicy>

        <encoder>
            <charset>UTF-8</charset>
            <pattern>%d{HH:mm:ss.SSS} [%thread] %-5level %logger{36} - %msg%n</pattern>
        </encoder>
    </appender>


  <root level="debug">
    <appender-ref ref="STDOUT"/>
    <appender-ref ref="FILE" />
  </root>
  
  <logger name="org.eclipse.jetty" level="INFO" />
  <logger name="org.openmuc.framework" level="INFO" />
  <logger name="epichub.framework.gateway.driver.opcua" level="INFO" />
  <logger name="epichub.framework.gateway.db.derby.manage" level="INFO" />

</configuration>

